{
    "train_loss": [
        1.2522334201628391,
        0.9467268663711265,
        0.7625183509628126,
        0.54417607154988,
        0.33647618063320456,
        0.2773254263356716,
        0.20431645607859672,
        0.16210749246817097,
        0.13594516103595605,
        0.10792257440134495,
        0.07820789034038671,
        0.07078931018100795,
        0.08149967328766465,
        0.05865455875831022,
        0.04663391178646938,
        0.04570959303458827,
        0.08903235008725446,
        0.0546777805375787,
        0.023641237317407884,
        0.022747310674766624,
        0.026574104158796342,
        0.01995979108913459,
        0.011044392050642064,
        0.0351758084734244,
        0.05266334433593271,
        0.019390533106976283,
        0.028650063034631728,
        0.01136793012014109,
        0.02468187604999675,
        0.014803894895880196,
        0.007666305853504009,
        0.004849647933471824,
        0.0051719707516489416,
        0.0046901941147103185,
        0.006913029261584287,
        0.008084674819362208,
        0.017028940969655727,
        0.010192166378576183,
        0.006891999715682964,
        0.011542563645176064,
        0.005985751332625138,
        0.004573645717620185,
        0.01372663676046306,
        0.00931253733258819,
        0.006757250587113174,
        0.005521671091756856,
        0.01097479240352558,
        0.005587013213303231,
        0.009305150128665578,
        0.01279042308049131
    ],
    "train_acc": [
        0.38671875,
        0.568359375,
        0.66015625,
        0.74609375,
        0.845703125,
        0.8828125,
        0.923828125,
        0.939453125,
        0.951171875,
        0.9609375,
        0.96875,
        0.97265625,
        0.970703125,
        0.984375,
        0.984375,
        0.98046875,
        0.966796875,
        0.982421875,
        0.99609375,
        0.9921875,
        0.990234375,
        0.9921875,
        0.99609375,
        0.986328125,
        0.990234375,
        0.99609375,
        0.986328125,
        0.998046875,
        0.98828125,
        0.99609375,
        1.0,
        1.0,
        0.998046875,
        0.998046875,
        0.99609375,
        0.99609375,
        0.9921875,
        0.99609375,
        0.998046875,
        0.994140625,
        1.0,
        0.998046875,
        0.9921875,
        0.99609375,
        0.998046875,
        0.998046875,
        0.99609375,
        0.998046875,
        0.99609375,
        0.994140625
    ],
    "val_loss": [
        1.3084313251676352,
        1.2117609499144728,
        0.9491598949815235,
        NaN,
        NaN,
        0.49204243578179907,
        0.8798172935082095,
        0.6083838041518291,
        NaN,
        0.3582797359919896,
        NaN,
        0.3389435023286917,
        0.15700937013556487,
        NaN,
        NaN,
        NaN,
        NaN,
        NaN,
        0.17587142965219316,
        0.18028370970792143,
        0.3977026733873373,
        0.16271610587264282,
        0.20814014946783546,
        0.18544865873587882,
        0.46489982279765346,
        0.21461137799532526,
        0.18734415113436478,
        0.1399807069097122,
        0.17103650920555322,
        0.14305521491881,
        0.1383166526270908,
        0.10979565562693959,
        0.1112794166950876,
        0.11571719609778783,
        0.11507981122185877,
        0.11148027781002821,
        0.12100163731727423,
        0.11742367654619058,
        0.11884002431243128,
        0.09632971552608494,
        0.1142425837273961,
        0.10681979998735452,
        NaN,
        0.10084366359591593,
        NaN,
        0.11091380002976388,
        0.10516878985290001,
        NaN,
        0.11034638734099313,
        NaN
    ],
    "val_acc": [
        0.3357664233576642,
        0.40875912408759124,
        0.46715328467153283,
        0.7299270072992701,
        0.7226277372262774,
        0.8175182481751825,
        0.6496350364963503,
        0.7883211678832117,
        0.7956204379562044,
        0.8613138686131386,
        0.9197080291970803,
        0.8905109489051095,
        0.948905109489051,
        0.9416058394160584,
        0.9562043795620438,
        0.927007299270073,
        0.9416058394160584,
        0.9635036496350365,
        0.9562043795620438,
        0.9635036496350365,
        0.8686131386861314,
        0.9562043795620438,
        0.948905109489051,
        0.9562043795620438,
        0.8978102189781022,
        0.948905109489051,
        0.9562043795620438,
        0.9781021897810219,
        0.948905109489051,
        0.9416058394160584,
        0.9635036496350365,
        0.9708029197080292,
        0.9635036496350365,
        0.9635036496350365,
        0.9635036496350365,
        0.9635036496350365,
        0.9635036496350365,
        0.9635036496350365,
        0.9635036496350365,
        0.9781021897810219,
        0.9635036496350365,
        0.9708029197080292,
        0.9562043795620438,
        0.9781021897810219,
        0.9562043795620438,
        0.9708029197080292,
        0.9708029197080292,
        0.9708029197080292,
        0.9708029197080292,
        0.9635036496350365
    ]
}