{
    "train_loss": [
        1.3121107307065376,
        1.279843716816388,
        1.209324180858286,
        1.0228571306817151,
        0.8073307838581751,
        0.6456591134620865,
        0.5460013403768433,
        0.41743330441443005,
        0.4173377269262718,
        0.30125407038124963,
        0.279728973665202,
        0.2393498855009398,
        0.20216596392450722,
        0.1728518443479857,
        0.1495559944539265,
        0.1312149459544611,
        0.1476541356526343,
        0.17358413792897334,
        0.11450015811671999,
        0.08896093452730143,
        0.06590109736724414,
        0.06607430719088445,
        0.07483040339219969,
        0.06543395443919867,
        0.05325009017407229,
        0.07522645210466421,
        0.052250796257341664,
        0.04716433102756628,
        0.03933468981746404,
        0.0485036775303596,
        0.04768445162746543,
        0.0492145015570754,
        0.0338010020747947,
        0.023792076274254066,
        0.04483212479372893,
        0.04066854208486231,
        0.031066035470997976,
        0.028833279877790288,
        0.023830826951668608,
        0.047714917716262066,
        0.0317091744074591,
        0.027478398305111215,
        0.03810359230161156,
        0.06068409723143152,
        0.03256728304861647,
        0.03464437193032977,
        0.028304448164307053,
        0.029539718102234446,
        0.024107310270066597,
        0.04161922085240871
    ],
    "train_acc": [
        0.29296875,
        0.40625,
        0.529296875,
        0.595703125,
        0.61328125,
        0.658203125,
        0.73828125,
        0.80859375,
        0.791015625,
        0.875,
        0.8671875,
        0.904296875,
        0.912109375,
        0.91796875,
        0.9453125,
        0.9453125,
        0.931640625,
        0.923828125,
        0.962890625,
        0.958984375,
        0.98828125,
        0.978515625,
        0.96484375,
        0.978515625,
        0.984375,
        0.97265625,
        0.982421875,
        0.986328125,
        0.984375,
        0.98046875,
        0.98046875,
        0.984375,
        0.986328125,
        0.990234375,
        0.982421875,
        0.982421875,
        0.986328125,
        0.986328125,
        0.9921875,
        0.98046875,
        0.98828125,
        0.990234375,
        0.982421875,
        0.978515625,
        0.986328125,
        0.9921875,
        0.9921875,
        0.99609375,
        0.9921875,
        0.984375
    ],
    "val_loss": [
        1.375307251937198,
        1.3620930875304842,
        1.3253893808726847,
        1.1128122667326545,
        0.9452657508153985,
        0.7558771732949863,
        0.6861569050454746,
        0.7011864133124804,
        0.6103567929163466,
        0.6136306517750677,
        0.6928969363879113,
        0.5211718132461074,
        0.498803120024883,
        0.43275417082936224,
        0.4261232219146986,
        0.38053983265030994,
        0.49672727240589415,
        0.4748079803955816,
        0.401267912320412,
        0.4681185943475605,
        0.346766924281625,
        0.40366821390760205,
        0.3739973375961239,
        0.37677754595005597,
        0.41054458158213075,
        0.38989678433803965,
        0.36781507162343247,
        0.3770149345747637,
        0.38194100522728514,
        0.37903022407180204,
        0.4043858068159027,
        0.49513897841905047,
        0.38299801310755477,
        0.3733538110692897,
        0.40845449648144905,
        0.3878211435440411,
        0.3668287009048364,
        0.42928044639704543,
        0.3871385851147564,
        0.36830914454079183,
        0.37886341990576716,
        0.4022791716134189,
        0.4852794617453563,
        0.4675074946237252,
        0.3769607126447678,
        0.37639173973746,
        0.3606865892669417,
        0.3640711541579914,
        0.3737020266011194,
        0.3619806635971895
    ],
    "val_acc": [
        0.35036496350364965,
        0.39416058394160586,
        0.36496350364963503,
        0.4744525547445255,
        0.5401459854014599,
        0.6642335766423357,
        0.6715328467153284,
        0.7226277372262774,
        0.7299270072992701,
        0.7737226277372263,
        0.7518248175182481,
        0.8102189781021898,
        0.7956204379562044,
        0.8540145985401459,
        0.8467153284671532,
        0.8613138686131386,
        0.8394160583941606,
        0.8248175182481752,
        0.8832116788321168,
        0.8467153284671532,
        0.8905109489051095,
        0.8832116788321168,
        0.8832116788321168,
        0.8978102189781022,
        0.8905109489051095,
        0.9051094890510949,
        0.8978102189781022,
        0.8905109489051095,
        0.8759124087591241,
        0.8978102189781022,
        0.8759124087591241,
        0.8905109489051095,
        0.8978102189781022,
        0.8905109489051095,
        0.8978102189781022,
        0.8978102189781022,
        0.8978102189781022,
        0.8832116788321168,
        0.8905109489051095,
        0.9051094890510949,
        0.8905109489051095,
        0.8905109489051095,
        0.8905109489051095,
        0.9124087591240876,
        0.8905109489051095,
        0.8905109489051095,
        0.8978102189781022,
        0.8905109489051095,
        0.8832116788321168,
        0.9051094890510949
    ]
}