{
    "train_loss": [
        1.1942148953122278,
        0.6836562387118995,
        0.405467083019838,
        0.21911384691536204,
        0.21266010669527444,
        0.1266378126623019,
        0.07392591260179711,
        0.05712787543863169,
        0.08103475619287517,
        0.05077611524819441,
        0.029350699476039098,
        0.0204397723231063,
        0.0308244894656827,
        0.030176029426346923,
        0.06052762381801707,
        0.05493429738017263,
        0.05013818964085171,
        0.06448298331253148,
        0.027276670165553855,
        0.021591686654046566,
        0.01950535924627435,
        0.01338056389581703,
        0.005151813777101306,
        0.004044765130474776,
        0.003774751134417591,
        0.007766949000757977,
        0.002013202885825353,
        0.004096929337500446,
        0.0019679961578494636,
        0.005143755546608268,
        0.005599991855303303,
        0.005294307706302869,
        0.0023339479068055276,
        0.0028489765585192435,
        0.00717543285503658,
        0.002477775559123159,
        0.0017704245043428594,
        0.01637433501298896,
        0.0038848147494069275,
        0.0013671167511631454,
        0.007130879739803162,
        0.0010863095173546456,
        0.0009552615645582196,
        0.0037660599176834258,
        0.008941385798289556,
        0.0037448133377022486,
        0.00012404080146021768,
        0.0042738642004322,
        0.007147294778284205,
        0.005637765470173792
    ],
    "train_acc": [
        0.416015625,
        0.662109375,
        0.8125,
        0.89453125,
        0.919921875,
        0.94921875,
        0.974609375,
        0.974609375,
        0.97265625,
        0.978515625,
        0.990234375,
        0.9921875,
        0.986328125,
        0.98046875,
        0.970703125,
        0.978515625,
        0.9765625,
        0.97265625,
        0.990234375,
        0.990234375,
        0.9921875,
        0.99609375,
        0.998046875,
        0.998046875,
        1.0,
        0.99609375,
        0.998046875,
        0.998046875,
        0.998046875,
        0.998046875,
        0.998046875,
        0.99609375,
        0.998046875,
        0.998046875,
        0.994140625,
        1.0,
        0.998046875,
        0.994140625,
        1.0,
        1.0,
        0.99609375,
        1.0,
        1.0,
        0.998046875,
        0.994140625,
        0.998046875,
        1.0,
        0.998046875,
        0.994140625,
        0.99609375
    ],
    "val_loss": [
        1.204010244703641,
        0.7874012602506762,
        0.5600520911878043,
        0.6686279242926271,
        0.4196389204394208,
        1.0233352611208484,
        0.23813197377008677,
        0.2357376117232072,
        0.5601974081819074,
        0.22245235980427178,
        0.17486646048806226,
        0.17733824383544974,
        0.1820851980955391,
        0.15173967473589592,
        0.3420950970490315,
        0.38739700299979996,
        0.2990092854865276,
        0.24697309351750535,
        0.16835012618324,
        0.17499562487495643,
        0.16664409898323462,
        0.16918219701832254,
        0.15834427418255878,
        0.15497250977331248,
        0.15243489420263226,
        0.17908298530116296,
        0.16513674891116253,
        0.16014611220668026,
        0.20891819924212954,
        0.20292997672929702,
        0.20531497460640583,
        0.19774995341784923,
        0.18929362938773667,
        0.19733084863331976,
        0.19392538315396518,
        0.19730130871278687,
        0.19939212517356214,
        0.19283188085480443,
        0.19638034856341846,
        0.19770405688963577,
        0.19776313360370606,
        0.20227085044400261,
        0.1903917296741735,
        0.19443901344095843,
        0.1963570948390667,
        0.1900163699131746,
        0.19208878817127936,
        0.19788116238405765,
        0.19867261534513966,
        0.19472303429110116
    ],
    "val_acc": [
        0.4744525547445255,
        0.6788321167883211,
        0.7445255474452555,
        0.7664233576642335,
        0.8759124087591241,
        0.7153284671532847,
        0.9416058394160584,
        0.948905109489051,
        0.8102189781021898,
        0.8978102189781022,
        0.9562043795620438,
        0.9562043795620438,
        0.9343065693430657,
        0.9708029197080292,
        0.9051094890510949,
        0.8759124087591241,
        0.927007299270073,
        0.9197080291970803,
        0.9562043795620438,
        0.948905109489051,
        0.9562043795620438,
        0.9708029197080292,
        0.9708029197080292,
        0.9708029197080292,
        0.9781021897810219,
        0.9635036496350365,
        0.9635036496350365,
        0.9708029197080292,
        0.9635036496350365,
        0.9635036496350365,
        0.9635036496350365,
        0.9635036496350365,
        0.9708029197080292,
        0.9635036496350365,
        0.9635036496350365,
        0.9635036496350365,
        0.9635036496350365,
        0.9708029197080292,
        0.9708029197080292,
        0.9708029197080292,
        0.9708029197080292,
        0.9635036496350365,
        0.9708029197080292,
        0.9708029197080292,
        0.9708029197080292,
        0.9708029197080292,
        0.9708029197080292,
        0.9708029197080292,
        0.9635036496350365,
        0.9708029197080292
    ]
}