{
    "train_loss": [
        1.236430809843496,
        0.9370530316377661,
        0.6338193655900353,
        0.3018934753304521,
        0.2730179905448261,
        0.26111389137112073,
        0.19852107386606777,
        0.11846595049790733,
        0.1192534904940864,
        0.11166364984884582,
        0.10580670163312365,
        0.07371425623122645,
        0.039202465443806137,
        0.04143192682789161,
        0.0437688484621757,
        0.030302513972423333,
        0.038875102193603725,
        0.05865916908895216,
        0.024075538390852705,
        0.016912413158602875,
        0.02925925881196797,
        0.05221201155376257,
        0.03329726989938424,
        0.03174774469219176,
        0.011916241168865041,
        0.009280509204641815,
        0.012655902390807978,
        0.014971010542741274,
        0.011266873476050489,
        0.006948072040889786,
        0.007918416560527117,
        0.003996578289272063,
        0.005008187562185703,
        0.01012517710919163,
        0.0042784322160521185,
        0.006645500228902997,
        0.005916816906892733,
        0.0033970063458781926,
        0.005342485795150681,
        0.005513634163103859,
        0.0033127777139936683,
        0.0033506009655010966,
        0.0044867307212563805,
        0.0042011494052399045,
        0.006243270112990945,
        0.005327483412349202,
        0.00472992257869432,
        0.005629155029227687,
        0.002666089077892135,
        0.00594145680265328
    ],
    "train_acc": [
        0.443359375,
        0.619140625,
        0.74609375,
        0.880859375,
        0.90234375,
        0.890625,
        0.9296875,
        0.9609375,
        0.94921875,
        0.95703125,
        0.951171875,
        0.9765625,
        0.986328125,
        0.98828125,
        0.98828125,
        0.98828125,
        0.986328125,
        0.974609375,
        0.990234375,
        0.99609375,
        0.986328125,
        0.978515625,
        0.98828125,
        0.98828125,
        0.998046875,
        0.998046875,
        0.994140625,
        0.990234375,
        0.99609375,
        0.998046875,
        0.99609375,
        0.998046875,
        0.99609375,
        0.994140625,
        0.998046875,
        0.99609375,
        0.998046875,
        1.0,
        0.99609375,
        0.99609375,
        1.0,
        1.0,
        0.998046875,
        0.99609375,
        0.998046875,
        0.998046875,
        0.99609375,
        0.99609375,
        1.0,
        0.998046875
    ],
    "val_loss": [
        1.3027370358905652,
        0.99845944181846,
        0.7079166182636345,
        0.4432202625448686,
        0.4896819635029257,
        0.6444020349613941,
        0.35551068703406047,
        0.43455764988478085,
        0.24289478415990398,
        0.4134221794831492,
        0.3140305343770633,
        0.3650510186995686,
        0.4212375365088891,
        0.35963184470786663,
        0.30516327090814616,
        0.4349396062103936,
        0.29901077315112723,
        0.3771429883085028,
        0.31025211120119495,
        0.24191820793479246,
        0.30052061281065,
        0.2417285510603964,
        0.1870994021313904,
        0.2024339715929797,
        0.18865848718768488,
        0.1296198620392098,
        0.12777152157082294,
        0.13017556005765948,
        0.13394543593350022,
        0.14725206977025823,
        0.15222609260507833,
        0.15672685586283133,
        0.14128808013650412,
        0.16104308846975968,
        0.14928117089770584,
        0.14474670512662915,
        0.16592434787889943,
        0.15242701529352723,
        0.15637902752220134,
        0.15231764859993208,
        0.14169332885287914,
        0.1499870730537231,
        0.1469123559259558,
        0.15987012985996887,
        0.14337412806259245,
        0.13728732892992332,
        0.14779865850136195,
        0.14195446745980272,
        0.1486977826067617,
        0.1438130629758765
    ],
    "val_acc": [
        0.36496350364963503,
        0.5328467153284672,
        0.708029197080292,
        0.7883211678832117,
        0.7883211678832117,
        0.7883211678832117,
        0.8905109489051095,
        0.8686131386861314,
        0.9124087591240876,
        0.8394160583941606,
        0.8978102189781022,
        0.8467153284671532,
        0.8905109489051095,
        0.9197080291970803,
        0.9416058394160584,
        0.8686131386861314,
        0.9197080291970803,
        0.9197080291970803,
        0.8978102189781022,
        0.948905109489051,
        0.9051094890510949,
        0.9343065693430657,
        0.948905109489051,
        0.9635036496350365,
        0.9416058394160584,
        0.9708029197080292,
        0.9781021897810219,
        0.9708029197080292,
        0.9708029197080292,
        0.9708029197080292,
        0.9708029197080292,
        0.9635036496350365,
        0.9562043795620438,
        0.9635036496350365,
        0.9635036496350365,
        0.9635036496350365,
        0.9635036496350365,
        0.9635036496350365,
        0.9635036496350365,
        0.9635036496350365,
        0.9562043795620438,
        0.9635036496350365,
        0.9635036496350365,
        0.9635036496350365,
        0.9635036496350365,
        0.9635036496350365,
        0.9635036496350365,
        0.9635036496350365,
        0.9635036496350365,
        0.9635036496350365
    ]
}