{
    "train_loss": [
        1.291926607323402,
        1.1417384023560024,
        0.8974943480083933,
        0.6805587399847889,
        0.5335299428067686,
        0.42127171236343103,
        0.30902226795494336,
        0.21654061890002962,
        0.15515891902951945,
        0.149346484127541,
        0.09420541405234638,
        0.11136578184078175,
        0.09764355842065633,
        0.05856811989195728,
        0.0761675763750608,
        0.09226526436309389,
        0.07423751693232795,
        0.04061374101496984,
        0.04434904417362355,
        0.027893693252123864,
        0.07640282953760438,
        0.038241433942185016,
        0.03374862939562496,
        0.03637281129462125,
        0.01832671750156853,
        0.0177802195613269,
        0.03438493020860236,
        0.028337274923865237,
        0.014868044360198052,
        0.026046750201500924,
        0.01628895874609513,
        0.014145797817902052,
        0.013807638011678888,
        0.02858654929664277,
        0.02242324927814831,
        0.025239990546357675,
        0.01160573762699574,
        0.017819088423229948,
        0.013506415746690615,
        0.022325039463858623,
        0.020495455448955407,
        0.01688425364076648,
        0.010620215111394797,
        0.019501709770480498,
        0.009464108859462366,
        0.010561872426018838,
        0.009505054826907066,
        0.022948505308437523,
        0.019403952495870094,
        0.010373328926671836
    ],
    "train_acc": [
        0.359375,
        0.533203125,
        0.615234375,
        0.689453125,
        0.763671875,
        0.806640625,
        0.876953125,
        0.91015625,
        0.939453125,
        0.953125,
        0.97265625,
        0.953125,
        0.962890625,
        0.974609375,
        0.978515625,
        0.95703125,
        0.97265625,
        0.986328125,
        0.98828125,
        0.99609375,
        0.98046875,
        0.990234375,
        0.98828125,
        0.990234375,
        0.994140625,
        0.9921875,
        0.98046875,
        0.990234375,
        0.998046875,
        0.98828125,
        0.99609375,
        0.99609375,
        0.998046875,
        0.986328125,
        0.990234375,
        0.9921875,
        0.99609375,
        0.9921875,
        0.994140625,
        0.9921875,
        0.99609375,
        0.994140625,
        0.998046875,
        0.994140625,
        0.998046875,
        1.0,
        0.998046875,
        0.9921875,
        0.994140625,
        0.998046875
    ],
    "val_loss": [
        1.3653042507867743,
        1.1686287178610364,
        NaN,
        NaN,
        NaN,
        NaN,
        0.33668608387021254,
        NaN,
        NaN,
        0.2650354080255667,
        0.19954157295725206,
        NaN,
        0.17922752954228952,
        0.10865837369576423,
        NaN,
        0.16097210399996842,
        0.13843220156909775,
        0.15053601142861983,
        0.0927915325070507,
        0.07777502321141914,
        0.12214933058423717,
        0.08488923168476045,
        0.15554563962195042,
        0.09612197505079047,
        0.07593684751594806,
        0.09161350744382145,
        0.09214106320240364,
        0.09906833773873149,
        0.0910671953669321,
        0.09230603674684998,
        0.09313074752933136,
        0.08715460311118377,
        0.09875898769152534,
        0.08662291946413037,
        0.08756254288116402,
        0.09284205738128755,
        0.09490324316009281,
        0.0954278207105333,
        0.09436588202616757,
        0.0918213124726865,
        0.08797969712780612,
        0.09308565727666183,
        0.09431643881002291,
        0.09033965552140734,
        0.0902669649387635,
        0.09756707578190486,
        0.09361577457425449,
        0.09066895465366542,
        0.09504202034929428,
        0.09255247589465856
    ],
    "val_acc": [
        0.25547445255474455,
        0.48905109489051096,
        0.5328467153284672,
        0.5401459854014599,
        0.7372262773722628,
        0.7445255474452555,
        0.8613138686131386,
        0.9051094890510949,
        0.9197080291970803,
        0.9197080291970803,
        0.948905109489051,
        0.948905109489051,
        0.927007299270073,
        0.9635036496350365,
        0.948905109489051,
        0.9562043795620438,
        0.948905109489051,
        0.9635036496350365,
        0.9854014598540146,
        0.9854014598540146,
        0.9562043795620438,
        0.9854014598540146,
        0.9416058394160584,
        0.9635036496350365,
        0.9854014598540146,
        0.9781021897810219,
        0.9854014598540146,
        0.9854014598540146,
        0.9854014598540146,
        0.9854014598540146,
        0.9854014598540146,
        0.9854014598540146,
        0.9781021897810219,
        0.9854014598540146,
        0.9854014598540146,
        0.9854014598540146,
        0.9854014598540146,
        0.9781021897810219,
        0.9781021897810219,
        0.9781021897810219,
        0.9854014598540146,
        0.9854014598540146,
        0.9854014598540146,
        0.9854014598540146,
        0.9854014598540146,
        0.9854014598540146,
        0.9854014598540146,
        0.9854014598540146,
        0.9854014598540146,
        0.9854014598540146
    ]
}