{
    "train_loss": [
        1.240213862139053,
        0.9406540420418779,
        0.6086906801812267,
        0.32932753456569513,
        0.19727437779805918,
        0.13383622816504157,
        0.06706157285152314,
        0.04387089258343757,
        0.05482832500261002,
        0.03281323838854368,
        0.022202402394832732,
        0.03153135079793549,
        0.029638077911391135,
        0.025702902243981574,
        0.026644603598544366,
        0.014986964465434002,
        0.010940310540072426,
        0.0023516417873961,
        0.012987757705802922,
        0.0024376471248216455,
        0.001083632294507524,
        0.005408745703069306,
        0.005820829110552443,
        0.0069770200513857225,
        0.009406973078559571,
        0.0049697128985748806,
        0.0007928569431565563,
        0.0016606894423873563,
        0.0021999141014852736,
        0.0026925397343538896,
        0.004637052367361726,
        0.006545268846753652,
        0.01891213216122974,
        0.01253031403887463,
        0.004517966211465323,
        0.003306536898051551,
        0.0021451252469789498,
        0.003736979792458888,
        0.0009929310516575455,
        0.0135700814858716,
        0.0035440583873910616,
        0.0015202336195946349,
        0.00025931752886671617,
        0.004041197588996179,
        0.0011513527577092046,
        0.005614438518530388,
        0.006540562572683897,
        0.0017885914947456754,
        0.0005411263323755984,
        0.004225913095603901
    ],
    "train_acc": [
        0.404296875,
        0.552734375,
        0.72265625,
        0.85546875,
        0.9140625,
        0.94140625,
        0.98828125,
        0.984375,
        0.978515625,
        0.984375,
        0.9921875,
        0.990234375,
        0.98828125,
        0.990234375,
        0.98828125,
        0.99609375,
        0.99609375,
        1.0,
        0.99609375,
        1.0,
        1.0,
        0.99609375,
        0.998046875,
        0.998046875,
        0.994140625,
        1.0,
        1.0,
        1.0,
        1.0,
        0.998046875,
        0.99609375,
        0.998046875,
        0.990234375,
        0.9921875,
        0.99609375,
        0.998046875,
        0.998046875,
        1.0,
        1.0,
        0.9921875,
        0.998046875,
        1.0,
        1.0,
        0.998046875,
        1.0,
        0.99609375,
        0.99609375,
        1.0,
        1.0,
        0.998046875
    ],
    "val_loss": [
        1.3070790819878126,
        1.0073426770467828,
        0.7073484432958338,
        0.620840995416154,
        0.49962801830231274,
        0.32209682963570974,
        0.304271385559717,
        0.3086273946466237,
        0.4664625599300557,
        0.18847207606423402,
        0.2197595093208943,
        0.29812192904888685,
        0.2295014127280842,
        0.46995176015256895,
        0.2670424036712668,
        0.2433210343775088,
        0.2057305500448773,
        0.20817367525818634,
        0.22701567541816386,
        0.2114995448250705,
        0.19992367455436905,
        0.18758835540083832,
        0.19299675850436665,
        0.1942859618018728,
        0.17258488566187266,
        0.24370335836246454,
        0.24643391327032596,
        0.21267271998833803,
        0.22909631955341342,
        0.24245758038685475,
        0.22567348569346063,
        0.21866615584211926,
        0.1600916305134994,
        0.22330829261767723,
        0.22782284833905525,
        0.2264144009040383,
        0.22006563797769865,
        0.21854758584858291,
        0.2196128018621872,
        0.20623495865504454,
        0.19233691240966755,
        0.192351093991612,
        0.19631214945978165,
        0.20186066865771465,
        0.19796147996247032,
        0.19656024086730975,
        0.19771963474510687,
        0.20271185254270252,
        0.19686088483291167,
        0.19227602065330113
    ],
    "val_acc": [
        0.35036496350364965,
        0.44525547445255476,
        0.6423357664233577,
        0.7299270072992701,
        0.7664233576642335,
        0.8905109489051095,
        0.8978102189781022,
        0.9051094890510949,
        0.8905109489051095,
        0.9562043795620438,
        0.948905109489051,
        0.9343065693430657,
        0.9124087591240876,
        0.8978102189781022,
        0.9343065693430657,
        0.948905109489051,
        0.9635036496350365,
        0.9562043795620438,
        0.9343065693430657,
        0.9343065693430657,
        0.9416058394160584,
        0.9708029197080292,
        0.948905109489051,
        0.9635036496350365,
        0.9708029197080292,
        0.948905109489051,
        0.9416058394160584,
        0.9562043795620438,
        0.948905109489051,
        0.948905109489051,
        0.9562043795620438,
        0.9635036496350365,
        0.9562043795620438,
        0.9562043795620438,
        0.9635036496350365,
        0.9708029197080292,
        0.9708029197080292,
        0.9708029197080292,
        0.9708029197080292,
        0.9708029197080292,
        0.9708029197080292,
        0.9708029197080292,
        0.9708029197080292,
        0.9708029197080292,
        0.9708029197080292,
        0.9708029197080292,
        0.9708029197080292,
        0.9708029197080292,
        0.9708029197080292,
        0.9708029197080292
    ]
}